Forward.Primer.Name,Sequence
COV-N1-FOR-BC001,TGTAAAACGACGGCCAGTCCTGAACCGACCCCAAAATCAGCGAAATGCACCCCG
COV-N1-FOR-BC002,TGTAAAACGACGGCCAGTTATCCAGTGACCCCAAAATCAGCGAAATGCACCCCG
COV-N1-FOR-BC003,TGTAAAACGACGGCCAGTGAGATAACGACCCCAAAATCAGCGAAATGCACCCCG
COV-N1-FOR-BC004,TGTAAAACGACGGCCAGTACACAGGCGACCCCAAAATCAGCGAAATGCACCCCG
COV-N1-FOR-BC005,TGTAAAACGACGGCCAGTAGCCTACTGACCCCAAAATCAGCGAAATGCACCCCG
COV-N1-FOR-BC006,TGTAAAACGACGGCCAGTATGCACCTGACCCCAAAATCAGCGAAATGCACCCCG
COV-N1-FOR-BC007,TGTAAAACGACGGCCAGTCATGGAATGACCCCAAAATCAGCGAAATGCACCCCG
COV-N1-FOR-BC008,TGTAAAACGACGGCCAGTCAGTTCCAGACCCCAAAATCAGCGAAATGCACCCCG
COV-N1-FOR-BC009,TGTAAAACGACGGCCAGTCCGTATATGACCCCAAAATCAGCGAAATGCACCCCG
COV-N1-FOR-BC010,TGTAAAACGACGGCCAGTGCTGAAGAGACCCCAAAATCAGCGAAATGCACCCCG
COV-N1-FOR-BC011,TGTAAAACGACGGCCAGTTCTCGCCTGACCCCAAAATCAGCGAAATGCACCCCG
COV-N1-FOR-BC012,TGTAAAACGACGGCCAGTCGCAAGCTGACCCCAAAATCAGCGAAATGCACCCCG
COV-N1-FOR-BC013,TGTAAAACGACGGCCAGTTATCTGTGGACCCCAAAATCAGCGAAATGCACCCCG
COV-N1-FOR-BC014,TGTAAAACGACGGCCAGTGCCGAATGGACCCCAAAATCAGCGAAATGCACCCCG
COV-N1-FOR-BC015,TGTAAAACGACGGCCAGTTACTGCAGGACCCCAAAATCAGCGAAATGCACCCCG
COV-N1-FOR-BC016,TGTAAAACGACGGCCAGTCATGTTGAGACCCCAAAATCAGCGAAATGCACCCCG
COV-N1-FOR-BC017,TGTAAAACGACGGCCAGTATAGAGTCGACCCCAAAATCAGCGAAATGCACCCCG
COV-N1-FOR-BC018,TGTAAAACGACGGCCAGTTAACCTCAGACCCCAAAATCAGCGAAATGCACCCCG
COV-N1-FOR-BC019,TGTAAAACGACGGCCAGTATTAGCTGGACCCCAAAATCAGCGAAATGCACCCCG
COV-N1-FOR-BC020,TGTAAAACGACGGCCAGTTCACGCTCGACCCCAAAATCAGCGAAATGCACCCCG
COV-N1-FOR-BC021,TGTAAAACGACGGCCAGTGCATCACGGACCCCAAAATCAGCGAAATGCACCCCG
COV-N1-FOR-BC022,TGTAAAACGACGGCCAGTCTGAATCAGACCCCAAAATCAGCGAAATGCACCCCG
COV-N1-FOR-BC023,TGTAAAACGACGGCCAGTAGGACGGTGACCCCAAAATCAGCGAAATGCACCCCG
COV-N1-FOR-BC024,TGTAAAACGACGGCCAGTGAACGTAGGACCCCAAAATCAGCGAAATGCACCCCG
COV-N1-FOR-BC025,TGTAAAACGACGGCCAGTTGTCACCGGACCCCAAAATCAGCGAAATGCACCCCG
COV-N1-FOR-BC026,TGTAAAACGACGGCCAGTACCTTGAAGACCCCAAAATCAGCGAAATGCACCCCG
COV-N1-FOR-BC027,TGTAAAACGACGGCCAGTGTGGTTCCGACCCCAAAATCAGCGAAATGCACCCCG
COV-N1-FOR-BC028,GACCCCAAAATCAGCGAAATGCACCCCGTGTAAAACGACGGCCAGTTATGGTGT
COV-N1-FOR-BC029,TGTAAAACGACGGCCAGTGTTCACAAGACCCCAAAATCAGCGAAATGCACCCCG
COV-N1-FOR-BC030,TGTAAAACGACGGCCAGTCTGGCTCTGACCCCAAAATCAGCGAAATGCACCCCG
COV-N1-FOR-BC031,TGTAAAACGACGGCCAGTGGCTCTTGGACCCCAAAATCAGCGAAATGCACCCCG
COV-N1-FOR-BC032,TGTAAAACGACGGCCAGTCGAACAGTGACCCCAAAATCAGCGAAATGCACCCCG
COV-N1-FOR-BC033,TGTAAAACGACGGCCAGTGGTTAGCAGACCCCAAAATCAGCGAAATGCACCCCG
COV-N1-FOR-BC034,TGTAAAACGACGGCCAGTAGACGCTGGACCCCAAAATCAGCGAAATGCACCCCG
COV-N1-FOR-BC035,TGTAAAACGACGGCCAGTTTGCTAGGGACCCCAAAATCAGCGAAATGCACCCCG
COV-N1-FOR-BC036,TGTAAAACGACGGCCAGTCTCCGGTTGACCCCAAAATCAGCGAAATGCACCCCG
COV-N1-FOR-BC037,TGTAAAACGACGGCCAGTCACCTCAGGACCCCAAAATCAGCGAAATGCACCCCG
COV-N1-FOR-BC038,TGTAAAACGACGGCCAGTGTTAATGCGACCCCAAAATCAGCGAAATGCACCCCG
COV-N1-FOR-BC039,TGTAAAACGACGGCCAGTTCTAAGGAGACCCCAAAATCAGCGAAATGCACCCCG
COV-N1-FOR-BC040,TGTAAAACGACGGCCAGTCGAACTTCGACCCCAAAATCAGCGAAATGCACCCCG
COV-N1-FOR-BC041,TGTAAAACGACGGCCAGTAGTAGAGGGACCCCAAAATCAGCGAAATGCACCCCG
COV-N1-FOR-BC042,TGTAAAACGACGGCCAGTACCGCATCGACCCCAAAATCAGCGAAATGCACCCCG
COV-N1-FOR-BC043,TGTAAAACGACGGCCAGTATTACCGAGACCCCAAAATCAGCGAAATGCACCCCG
COV-N1-FOR-BC044,TGTAAAACGACGGCCAGTAGTTGTTGGACCCCAAAATCAGCGAAATGCACCCCG
COV-N1-FOR-BC045,TGTAAAACGACGGCCAGTACGCTGTCGACCCCAAAATCAGCGAAATGCACCCCG
COV-N1-FOR-BC046,TGTAAAACGACGGCCAGTATTGGCAAGACCCCAAAATCAGCGAAATGCACCCCG
COV-N1-FOR-BC047,TGTAAAACGACGGCCAGTCTAGGATTGACCCCAAAATCAGCGAAATGCACCCCG
COV-N1-FOR-BC048,TGTAAAACGACGGCCAGTTGAAGGATGACCCCAAAATCAGCGAAATGCACCCCG
COV-N1-FOR-BC049,TGTAAAACGACGGCCAGTAGTCCGAAGACCCCAAAATCAGCGAAATGCACCCCG
COV-N1-FOR-BC050,TGTAAAACGACGGCCAGTTTCAGTAGGACCCCAAAATCAGCGAAATGCACCCCG
COV-N1-FOR-BC051,TGTAAAACGACGGCCAGTCACTTCGTGACCCCAAAATCAGCGAAATGCACCCCG
COV-N1-FOR-BC052,TGTAAAACGACGGCCAGTAGGATGCCGACCCCAAAATCAGCGAAATGCACCCCG
COV-N1-FOR-BC053,TGTAAAACGACGGCCAGTAGGAATGGGACCCCAAAATCAGCGAAATGCACCCCG
COV-N1-FOR-BC054,TGTAAAACGACGGCCAGTACCACCACGACCCCAAAATCAGCGAAATGCACCCCG
COV-N1-FOR-BC055,TGTAAAACGACGGCCAGTCGATACGCGACCCCAAAATCAGCGAAATGCACCCCG
COV-N1-FOR-BC056,TGTAAAACGACGGCCAGTTGTTCTCGGACCCCAAAATCAGCGAAATGCACCCCG
COV-N1-FOR-BC057,TGTAAAACGACGGCCAGTCGCTTCTGGACCCCAAAATCAGCGAAATGCACCCCG
COV-N1-FOR-BC058,TGTAAAACGACGGCCAGTTCCGTCAAGACCCCAAAATCAGCGAAATGCACCCCG
COV-N1-FOR-BC059,TGTAAAACGACGGCCAGTGAACGATTGACCCCAAAATCAGCGAAATGCACCCCG
COV-N1-FOR-BC060,TGTAAAACGACGGCCAGTAGGTCTCCGACCCCAAAATCAGCGAAATGCACCCCG
COV-N1-FOR-BC061,TGTAAAACGACGGCCAGTGGTGTCTTGACCCCAAAATCAGCGAAATGCACCCCG
COV-N1-FOR-BC062,TGTAAAACGACGGCCAGTTGTACGACGACCCCAAAATCAGCGAAATGCACCCCG
COV-N1-FOR-BC063,TGTAAAACGACGGCCAGTCTGTAAGTGACCCCAAAATCAGCGAAATGCACCCCG
COV-N1-FOR-BC064,TGTAAAACGACGGCCAGTTCAGGTACGACCCCAAAATCAGCGAAATGCACCCCG
COV-N1-FOR-BC065,TGTAAAACGACGGCCAGTGCAAGAAGGACCCCAAAATCAGCGAAATGCACCCCG
COV-N1-FOR-BC066,TGTAAAACGACGGCCAGTACGTAGCCGACCCCAAAATCAGCGAAATGCACCCCG
COV-N1-FOR-BC067,TGTAAAACGACGGCCAGTGGCTTCAAGACCCCAAAATCAGCGAAATGCACCCCG
COV-N1-FOR-BC068,TGTAAAACGACGGCCAGTTCCGATGGGACCCCAAAATCAGCGAAATGCACCCCG
COV-N1-FOR-BC069,TGTAAAACGACGGCCAGTGAATTCTCGACCCCAAAATCAGCGAAATGCACCCCG
COV-N1-FOR-BC070,TGTAAAACGACGGCCAGTCACGCACAGACCCCAAAATCAGCGAAATGCACCCCG
COV-N1-FOR-BC071,TGTAAAACGACGGCCAGTGAACACCGGACCCCAAAATCAGCGAAATGCACCCCG
COV-N1-FOR-BC072,TGTAAAACGACGGCCAGTCTGGACAAGACCCCAAAATCAGCGAAATGCACCCCG
COV-N1-FOR-BC073,TGTAAAACGACGGCCAGTGAATCAGCGACCCCAAAATCAGCGAAATGCACCCCG
COV-N1-FOR-BC074,TGTAAAACGACGGCCAGTCCTTAGTCGACCCCAAAATCAGCGAAATGCACCCCG
COV-N1-FOR-BC075,TGTAAAACGACGGCCAGTCTTGGTTGGACCCCAAAATCAGCGAAATGCACCCCG
COV-N1-FOR-BC076,TGTAAAACGACGGCCAGTCTCACTTAGACCCCAAAATCAGCGAAATGCACCCCG
COV-N1-FOR-BC077,TGTAAAACGACGGCCAGTTCGCCAGAGACCCCAAAATCAGCGAAATGCACCCCG
COV-N1-FOR-BC078,TGTAAAACGACGGCCAGTATGCCGCAGACCCCAAAATCAGCGAAATGCACCCCG
COV-N1-FOR-BC079,TGTAAAACGACGGCCAGTCTGTTGGCGACCCCAAAATCAGCGAAATGCACCCCG
COV-N1-FOR-BC080,TGTAAAACGACGGCCAGTGACTCGCAGACCCCAAAATCAGCGAAATGCACCCCG
COV-N1-FOR-BC081,TGTAAAACGACGGCCAGTGCACTAGAGACCCCAAAATCAGCGAAATGCACCCCG
COV-N1-FOR-BC082,TGTAAAACGACGGCCAGTGTTAGGAAGACCCCAAAATCAGCGAAATGCACCCCG
COV-N1-FOR-BC083,TGTAAAACGACGGCCAGTACCGAGTTGACCCCAAAATCAGCGAAATGCACCCCG
COV-N1-FOR-BC084,TGTAAAACGACGGCCAGTTACATCTGGACCCCAAAATCAGCGAAATGCACCCCG
COV-N1-FOR-BC085,TGTAAAACGACGGCCAGTGGTAGAATGACCCCAAAATCAGCGAAATGCACCCCG
COV-N1-FOR-BC086,TGTAAAACGACGGCCAGTGAGGATATGACCCCAAAATCAGCGAAATGCACCCCG
COV-N1-FOR-BC087,TGTAAAACGACGGCCAGTGAGATTGTGACCCCAAAATCAGCGAAATGCACCCCG
COV-N1-FOR-BC088,TGTAAAACGACGGCCAGTTTGAGTCTGACCCCAAAATCAGCGAAATGCACCCCG
COV-N1-FOR-BC089,TGTAAAACGACGGCCAGTTGCTCCGAGACCCCAAAATCAGCGAAATGCACCCCG
COV-N1-FOR-BC090,TGTAAAACGACGGCCAGTTTCGTTGTGACCCCAAAATCAGCGAAATGCACCCCG
COV-N1-FOR-BC091,TGTAAAACGACGGCCAGTTGATTGCCGACCCCAAAATCAGCGAAATGCACCCCG
COV-N1-FOR-BC092,TGTAAAACGACGGCCAGTAAACGGCCGACCCCAAAATCAGCGAAATGCACCCCG
COV-N1-FOR-BC093,TGTAAAACGACGGCCAGTCCAGCAAAGACCCCAAAATCAGCGAAATGCACCCCG
COV-N1-FOR-BC094,TGTAAAACGACGGCCAGTAACTGAGCGACCCCAAAATCAGCGAAATGCACCCCG
COV-N1-FOR-BC095,TGTAAAACGACGGCCAGTGCAGTGTGGACCCCAAAATCAGCGAAATGCACCCCG
COV-N1-FOR-BC096,TGTAAAACGACGGCCAGTTAACCAAGGACCCCAAAATCAGCGAAATGCACCCCG
