Reverse.Primer.Name,Sequence
COV-N1-REV-BC001,CAGGAAACAGCTATGACTCCATTCAGCGTTCTCCATTCTGGTTACTGCCAGTTG
COV-N1-REV-BC002,CAGGAAACAGCTATGACATACGGATGCGTTCTCCATTCTGGTTACTGCCAGTTG
COV-N1-REV-BC003,CAGGAAACAGCTATGACATATGGGAGCGTTCTCCATTCTGGTTACTGCCAGTTG
COV-N1-REV-BC004,CAGGAAACAGCTATGACCATGCCATGCGTTCTCCATTCTGGTTACTGCCAGTTG
COV-N1-REV-BC005,CAGGAAACAGCTATGACCCGTGAGAGCGTTCTCCATTCTGGTTACTGCCAGTTG
COV-N1-REV-BC006,CAGGAAACAGCTATGACATTGTCCAGCGTTCTCCATTCTGGTTACTGCCAGTTG
COV-N1-REV-BC007,CAGGAAACAGCTATGACGCACCAGAGCGTTCTCCATTCTGGTTACTGCCAGTTG
COV-N1-REV-BC008,CAGGAAACAGCTATGACTTACCGGGGCGTTCTCCATTCTGGTTACTGCCAGTTG
COV-N1-REV-BC009,CAGGAAACAGCTATGACCTTAGTGGGCGTTCTCCATTCTGGTTACTGCCAGTTG
COV-N1-REV-BC010,CAGGAAACAGCTATGACCGCATAGTGCGTTCTCCATTCTGGTTACTGCCAGTTG
COV-N1-REV-BC011,CAGGAAACAGCTATGACGAAGCGATGCGTTCTCCATTCTGGTTACTGCCAGTTG
COV-N1-REV-BC012,CAGGAAACAGCTATGACTACCTACGGCGTTCTCCATTCTGGTTACTGCCAGTTG
COV-N1-REV-BC013,CAGGAAACAGCTATGACACAAACTGGCGTTCTCCATTCTGGTTACTGCCAGTTG
COV-N1-REV-BC014,CAGGAAACAGCTATGACCGTTGAGGGCGTTCTCCATTCTGGTTACTGCCAGTTG
COV-N1-REV-BC015,CAGGAAACAGCTATGACCCTATCAGGCGTTCTCCATTCTGGTTACTGCCAGTTG
COV-N1-REV-BC016,CAGGAAACAGCTATGACTGTGTACGGCGTTCTCCATTCTGGTTACTGCCAGTTG
COV-N1-REV-BC017,CAGGAAACAGCTATGACGTCGTCTAGCGTTCTCCATTCTGGTTACTGCCAGTTG
COV-N1-REV-BC018,CAGGAAACAGCTATGACAAGAACGTGCGTTCTCCATTCTGGTTACTGCCAGTTG
COV-N1-REV-BC019,CAGGAAACAGCTATGACTAGGCTGTGCGTTCTCCATTCTGGTTACTGCCAGTTG
COV-N1-REV-BC020,CAGGAAACAGCTATGACCGAATTGCGCGTTCTCCATTCTGGTTACTGCCAGTTG
COV-N1-REV-BC021,CAGGAAACAGCTATGACCCCAGCTAGCGTTCTCCATTCTGGTTACTGCCAGTTG
COV-N1-REV-BC022,CAGGAAACAGCTATGACAAAGCTCGGCGTTCTCCATTCTGGTTACTGCCAGTTG
COV-N1-REV-BC023,CAGGAAACAGCTATGACGTTGACATGCGTTCTCCATTCTGGTTACTGCCAGTTG
COV-N1-REV-BC024,CAGGAAACAGCTATGACATGGTCTCGCGTTCTCCATTCTGGTTACTGCCAGTTG
COV-N1-REV-BC025,CAGGAAACAGCTATGACTATGCACCGCGTTCTCCATTCTGGTTACTGCCAGTTG
COV-N1-REV-BC026,CAGGAAACAGCTATGACACTGTTAGGCGTTCTCCATTCTGGTTACTGCCAGTTG
COV-N1-REV-BC027,CAGGAAACAGCTATGACGGCTAAGAGCGTTCTCCATTCTGGTTACTGCCAGTTG
COV-N1-REV-BC028,CAGGAAACAGCTATGACGAATACACGCGTTCTCCATTCTGGTTACTGCCAGTTG
COV-N1-REV-BC029,CAGGAAACAGCTATGACCAAGGTGCGCGTTCTCCATTCTGGTTACTGCCAGTTG
COV-N1-REV-BC030,CAGGAAACAGCTATGACTGACCTCAGCGTTCTCCATTCTGGTTACTGCCAGTTG
COV-N1-REV-BC031,CAGGAAACAGCTATGACGGCTCCAAGCGTTCTCCATTCTGGTTACTGCCAGTTG
COV-N1-REV-BC032,CAGGAAACAGCTATGACGATCGGTCGCGTTCTCCATTCTGGTTACTGCCAGTTG
COV-N1-REV-BC033,CAGGAAACAGCTATGACCCAGGGATGCGTTCTCCATTCTGGTTACTGCCAGTTG
COV-N1-REV-BC034,CAGGAAACAGCTATGACCGGCGTAAGCGTTCTCCATTCTGGTTACTGCCAGTTG
COV-N1-REV-BC035,CAGGAAACAGCTATGACACCCAGTGGCGTTCTCCATTCTGGTTACTGCCAGTTG
COV-N1-REV-BC036,CAGGAAACAGCTATGACGTACAGGAGCGTTCTCCATTCTGGTTACTGCCAGTTG
COV-N1-REV-BC037,CAGGAAACAGCTATGACAGTTGCTGGCGTTCTCCATTCTGGTTACTGCCAGTTG
COV-N1-REV-BC038,CAGGAAACAGCTATGACGATCCAGCGCGTTCTCCATTCTGGTTACTGCCAGTTG
COV-N1-REV-BC039,CAGGAAACAGCTATGACTGCTTGATGCGTTCTCCATTCTGGTTACTGCCAGTTG
COV-N1-REV-BC040,CAGGAAACAGCTATGACACATAGGTGCGTTCTCCATTCTGGTTACTGCCAGTTG
COV-N1-REV-BC041,CAGGAAACAGCTATGACATGCGGCAGCGTTCTCCATTCTGGTTACTGCCAGTTG
COV-N1-REV-BC042,CAGGAAACAGCTATGACGCGAATTAGCGTTCTCCATTCTGGTTACTGCCAGTTG
COV-N1-REV-BC043,CAGGAAACAGCTATGACGCTAGGGTGCGTTCTCCATTCTGGTTACTGCCAGTTG
COV-N1-REV-BC044,CAGGAAACAGCTATGACGGGACTACGCGTTCTCCATTCTGGTTACTGCCAGTTG
COV-N1-REV-BC045,CAGGAAACAGCTATGACTTTGGACAGCGTTCTCCATTCTGGTTACTGCCAGTTG
COV-N1-REV-BC046,CAGGAAACAGCTATGACAGATCCCAGCGTTCTCCATTCTGGTTACTGCCAGTTG
COV-N1-REV-BC047,CAGGAAACAGCTATGACCGCCAATCGCGTTCTCCATTCTGGTTACTGCCAGTTG
COV-N1-REV-BC048,CAGGAAACAGCTATGACTGCGTTACGCGTTCTCCATTCTGGTTACTGCCAGTTG
COV-N1-REV-BC049,CAGGAAACAGCTATGACCACTACCCGCGTTCTCCATTCTGGTTACTGCCAGTTG
COV-N1-REV-BC050,CAGGAAACAGCTATGACTCAGGCCTGCGTTCTCCATTCTGGTTACTGCCAGTTG
COV-N1-REV-BC051,CAGGAAACAGCTATGACCCTTTGGAGCGTTCTCCATTCTGGTTACTGCCAGTTG
COV-N1-REV-BC052,CAGGAAACAGCTATGACTTCCATGAGCGTTCTCCATTCTGGTTACTGCCAGTTG
COV-N1-REV-BC053,CAGGAAACAGCTATGACCCTAAATCGCGTTCTCCATTCTGGTTACTGCCAGTTG
COV-N1-REV-BC054,CAGGAAACAGCTATGACACGGCGATGCGTTCTCCATTCTGGTTACTGCCAGTTG
COV-N1-REV-BC055,CAGGAAACAGCTATGACTACATGTGGCGTTCTCCATTCTGGTTACTGCCAGTTG
COV-N1-REV-BC056,CAGGAAACAGCTATGACTAACCCTAGCGTTCTCCATTCTGGTTACTGCCAGTTG
COV-N1-REV-BC057,CAGGAAACAGCTATGACCTCGTACCGCGTTCTCCATTCTGGTTACTGCCAGTTG
COV-N1-REV-BC058,CAGGAAACAGCTATGACAACTTCTGGCGTTCTCCATTCTGGTTACTGCCAGTTG
COV-N1-REV-BC059,CAGGAAACAGCTATGACAGAGCACCGCGTTCTCCATTCTGGTTACTGCCAGTTG
COV-N1-REV-BC060,CAGGAAACAGCTATGACATGTCGGGGCGTTCTCCATTCTGGTTACTGCCAGTTG
COV-N1-REV-BC061,CAGGAAACAGCTATGACATCATTGCGCGTTCTCCATTCTGGTTACTGCCAGTTG
COV-N1-REV-BC062,CAGGAAACAGCTATGACCTCCCAAAGCGTTCTCCATTCTGGTTACTGCCAGTTG
COV-N1-REV-BC063,CAGGAAACAGCTATGACCTTCGGCTGCGTTCTCCATTCTGGTTACTGCCAGTTG
COV-N1-REV-BC064,CAGGAAACAGCTATGACGAGCTGCTGCGTTCTCCATTCTGGTTACTGCCAGTTG
COV-N1-REV-BC065,CAGGAAACAGCTATGACCTCGAAGTGCGTTCTCCATTCTGGTTACTGCCAGTTG
COV-N1-REV-BC066,CAGGAAACAGCTATGACTGAAACCTGCGTTCTCCATTCTGGTTACTGCCAGTTG
COV-N1-REV-BC067,CAGGAAACAGCTATGACGAGTTATCGCGTTCTCCATTCTGGTTACTGCCAGTTG
COV-N1-REV-BC068,CAGGAAACAGCTATGACCCACACCTGCGTTCTCCATTCTGGTTACTGCCAGTTG
COV-N1-REV-BC069,CAGGAAACAGCTATGACTCGTTTGAGCGTTCTCCATTCTGGTTACTGCCAGTTG
COV-N1-REV-BC070,CAGGAAACAGCTATGACCAGTCAGGGCGTTCTCCATTCTGGTTACTGCCAGTTG
COV-N1-REV-BC071,CAGGAAACAGCTATGACCTTTCATGGCGTTCTCCATTCTGGTTACTGCCAGTTG
COV-N1-REV-BC072,CAGGAAACAGCTATGACAATCGTAGGCGTTCTCCATTCTGGTTACTGCCAGTTG
COV-N1-REV-BC073,CAGGAAACAGCTATGACCAACTATCGCGTTCTCCATTCTGGTTACTGCCAGTTG
COV-N1-REV-BC074,CAGGAAACAGCTATGACCGGAATATGCGTTCTCCATTCTGGTTACTGCCAGTTG
COV-N1-REV-BC075,CAGGAAACAGCTATGACGGCAACCAGCGTTCTCCATTCTGGTTACTGCCAGTTG
COV-N1-REV-BC076,CAGGAAACAGCTATGACAATCCTCTGCGTTCTCCATTCTGGTTACTGCCAGTTG
COV-N1-REV-BC077,CAGGAAACAGCTATGACGACATTTCGCGTTCTCCATTCTGGTTACTGCCAGTTG
COV-N1-REV-BC078,CAGGAAACAGCTATGACTCGGTTTCGCGTTCTCCATTCTGGTTACTGCCAGTTG
COV-N1-REV-BC079,CAGGAAACAGCTATGACCTATGGCCGCGTTCTCCATTCTGGTTACTGCCAGTTG
COV-N1-REV-BC080,CAGGAAACAGCTATGACTGGTGGAGGCGTTCTCCATTCTGGTTACTGCCAGTTG
COV-N1-REV-BC081,CAGGAAACAGCTATGACGCAGACTAGCGTTCTCCATTCTGGTTACTGCCAGTTG
COV-N1-REV-BC082,CAGGAAACAGCTATGACGATCATTGGCGTTCTCCATTCTGGTTACTGCCAGTTG
COV-N1-REV-BC083,CAGGAAACAGCTATGACTAGTGTCAGCGTTCTCCATTCTGGTTACTGCCAGTTG
COV-N1-REV-BC084,CAGGAAACAGCTATGACGTCTCGAGGCGTTCTCCATTCTGGTTACTGCCAGTTG
COV-N1-REV-BC085,CAGGAAACAGCTATGACTGGCAGGAGCGTTCTCCATTCTGGTTACTGCCAGTTG
COV-N1-REV-BC086,CAGGAAACAGCTATGACGCTTAGATGCGTTCTCCATTCTGGTTACTGCCAGTTG
COV-N1-REV-BC087,CAGGAAACAGCTATGACGTGAGACGGCGTTCTCCATTCTGGTTACTGCCAGTTG
COV-N1-REV-BC088,CAGGAAACAGCTATGACGGGAGATCGCGTTCTCCATTCTGGTTACTGCCAGTTG
COV-N1-REV-BC089,CAGGAAACAGCTATGACTGGTTCAAGCGTTCTCCATTCTGGTTACTGCCAGTTG
COV-N1-REV-BC090,CAGGAAACAGCTATGACTGAGAGATGCGTTCTCCATTCTGGTTACTGCCAGTTG
COV-N1-REV-BC091,CAGGAAACAGCTATGACACGGTACCGCGTTCTCCATTCTGGTTACTGCCAGTTG
COV-N1-REV-BC092,CAGGAAACAGCTATGACTTCACTAGGCGTTCTCCATTCTGGTTACTGCCAGTTG
COV-N1-REV-BC093,CAGGAAACAGCTATGACACCACCAGGCGTTCTCCATTCTGGTTACTGCCAGTTG
COV-N1-REV-BC094,CAGGAAACAGCTATGACTGTACAGCGCGTTCTCCATTCTGGTTACTGCCAGTTG
COV-N1-REV-BC095,CAGGAAACAGCTATGACACGAGTTCGCGTTCTCCATTCTGGTTACTGCCAGTTG
COV-N1-REV-BC096,CAGGAAACAGCTATGACGTTAACGGGCGTTCTCCATTCTGGTTACTGCCAGTTG
